Henri	Payet	Service après-vente
Camille	Lemaire	Marketing
Gilles	Barre	Service après-vente
Étienne	Raymond	Direction
Nath	Regnier	IT
Christine	Coste	Ressources humaines
Laure	Charrier	Ressources humaines
Chantal	Pasquier	Ventes
Alexandria	Leconte	Ressources humaines
Vincent	Launay	Service après-vente
Antoine	Chauvet	Service après-vente
Anne	Pascal	Marketing
Léon	Schmitt	Ressources humaines
Michèle	Leleu	Ressources humaines
Michèle	Dumont	Marketing
Juliette	Lemoine	Direction
Vincent	Poulain	Relations publiques
Arnaude	Clément	Marketing
Laetitia	Boucher	Direction
Luc	Blanchard	Service après-vente
Daniel	Vasseur	Ressources humaines
Aurore	Marty	IT
Guillaume	Mahe	Recherche et développement
Sabine	Hamon	Direction
Isaac	Marty	Service après-vente
Sabine	Richard	Ventes
Éric	Gomez	Marketing
Aimée	Godard	Recherche et développement
Thérèse	Pasquier	Ventes
Jean	Perrin	Marketing
Nicolas	Gonzalez	Recherche et développement
Pierre	Bertin	Ventes
Laetitia	Léger	Ventes
Roger	Raynaud	Direction
David	Lefèvre	Recherche et développement
Laurent	Rousseau	Direction
Georges	Renaud	Marketing
Constance	Bonnet	IT
Manon	Fontaine	Ventes
Émilie	Thibault	Ressources humaines
Dorothée	Collet	Relations publiques
Jeannine	Salmon	Service après-vente
Jacques	Berger	Ressources humaines
Élodie	Durand	Ressources humaines
Océane	Gay	IT
Arnaude	Le Gall	Marketing
Henriette	Maury	Direction
Élodie	Grégoire	Service après-vente
Vincent	Le Roux	Service après-vente
Thibault	Pineau	Recherche et développement
Alexandre	Weiss	Ventes
Thomas	Bousquet	Ressources humaines
Alix	Chartier	Relations publiques
Henriette	Ferrand	IT
Antoinette	Gomes	IT
Adélaïde	Samson	Marketing
Pauline	Bousquet	IT
Paulette	Allain	Marketing
Nath	Bigot	Ressources humaines
Virginie	Briand	Direction
Laurence	Petit	Direction
Alexandrie	Louis	IT
Sabine	Reynaud	Marketing
Gérard	Turpin	Ressources humaines
Suzanne	Allain	IT
Gabrielle	Mahe	Relations publiques
Marthe	Laurent	Recherche et développement
Célina	Courtois	Direction
Robert	Allain	Marketing
Adrien	Pelletier	Recherche et développement
René	Menard	IT
Stéphanie	Guyon	Marketing
Anaïs	Berger	Direction
Honoré	Bousquet	IT
Alphonse	Lefort	Relations publiques
Margaud	Duhamel	Marketing
Antoine	Cousin	Ressources humaines
Pierre	Martinez	Relations publiques
Lucas	Bonnet	Ventes
Céline	Vaillant	Service après-vente
Catherine	Blondel	Relations publiques
Jacques	Charrier	Direction
Victor	Leroy	Ventes
Jacqueline	Lecomte	Service après-vente
Caroline	Picard	Service après-vente
Margaret	Lebrun	Marketing
Patricia	Marin	Direction
Maryse	Muller	Ventes
Pauline	Valette	Ressources humaines
Susan	Renard	Ventes
Charles	Legrand	Service après-vente
Agnès	Regnier	Service après-vente
Étienne	Gérard	Direction
Denis	Perrier	Service après-vente
Corinne	Moreau	Relations publiques
François	Pereira	Direction
André	Robin	Relations publiques
Laurent	Leroux	Marketing
Michelle	Diallo	Service après-vente
Sophie	Gimenez	Ressources humaines
Honoré	Denis	Ventes
Danielle	Le Roux	IT
Hortense	Rey	Marketing
Colette	Hoareau	Service après-vente
Hugues	Huet	Ventes
Maurice	Duhamel	Ressources humaines
Victor	Vallet	Direction
Théodore	Klein	Relations publiques
Michelle	De Oliveira	Ventes
Chantal	Guillou	Marketing
Philippe	Gallet	Recherche et développement
Élodie	Bigot	Recherche et développement
Célina	Lacombe	Relations publiques
Audrey	Chauvin	Direction
Xavier	Gilles	Recherche et développement
Henriette	Descamps	Ressources humaines
Renée	Lucas	Ressources humaines
Élise	Jacob	Service après-vente
Matthieu	Marty	IT
Nathalie	Chrétien	Direction
Rémy	Pires	Service après-vente
Théophile	Garnier	IT
Bertrand	Denis	Recherche et développement
Corinne	Martineau	Marketing
Gabriel	Roux	Service après-vente
Véronique	Richard	Direction
Juliette	Dias	Service après-vente
Matthieu	Ramos	IT
Hugues	Jacques	Service après-vente
Isaac	Louis	Relations publiques
Margot	Tanguy	Direction
Françoise	Philippe	Marketing
Frédéric	Neveu	Ressources humaines
Laurence	Marques	IT
Xavier	Bonnin	IT
Agathe	Lemonnier	Recherche et développement
Manon	Bouchet	Ressources humaines
Agathe	Peltier	Service après-vente
Marcelle	Renault	Ventes
Isaac	Le Goff	Direction
Guillaume	Pasquier	Service après-vente
Augustin	Marchand	Direction
Luce	Besnard	Service après-vente
Henri	Bourgeois	Direction
Élodie	Martinez	Relations publiques
Sébastien	Vidal	Direction
Juliette	Lambert	Recherche et développement
Hortense	Fouquet	Direction
Sébastien	Lemonnier	Service après-vente
Colette	Jean	Relations publiques
Capucine	Fournier	Service après-vente
Frédéric	Parent	Service après-vente
Jean	Michel	Service après-vente
Anouk	Rousset	Recherche et développement
Alphonse	Paris	IT
Guillaume	Gérard	Recherche et développement
Noël	Dupont	IT
Auguste	Cohen	Direction
Hugues	Charrier	Direction
Monique	Hamon	Relations publiques
Zacharie	Coulon	IT
Madeleine	Bertin	Ventes
Hortense	Marty	Relations publiques
Paulette	Sauvage	Ventes
Alexandre	Valette	IT
Édith	Torres	Ventes
Valérie	Godard	Relations publiques
Laurence	Lesage	Direction
Marguerite	Girard	Recherche et développement
Martine	Julien	Ressources humaines
Thibaut	Hervé	IT
Jeannine	Rivière	Ressources humaines
Luce	Lombard	Ressources humaines
Théodore	Brunel	Service après-vente
René	Dupuy	Recherche et développement
Margot	Gaillard	Relations publiques
Arthur	Gomez	Ressources humaines
Hugues	Mendès	Ressources humaines
Aimée	Carpentier	Ventes
Margaud	Barbier	Marketing
Jules	Thomas	Ressources humaines
Josette	Tessier	Service après-vente
Lorraine	Pinto	Direction
Isabelle	Blin	Ventes
André	Leblanc	Relations publiques
Édith	Simon	Marketing
Jeannine	Carre	Marketing
Emmanuel	Gomez	Relations publiques
Nathalie	Pottier	Direction
Agathe	Torres	Recherche et développement
Nicolas	Labbé	IT
Alex	Traore	Ventes
Océane	Bouvier	Marketing
Hugues	Chevalier	IT
Anouk	Chauvet	Ressources humaines
Nicole	Bouvet	Ressources humaines
Sylvie	Picard	Relations publiques
Alexandria	Techer	Direction
Roger	Seguin	Service après-vente
Andrée	Rivière	Marketing
Laurence	Toussaint	Ressources humaines
Margot	Jean	Recherche et développement
Manon	Dumas	Direction
Margot	Peltier	Service après-vente
Alice	Boulanger	Relations publiques
Alix	Lemaire	Direction
Théodore	Schmitt	Relations publiques
Émilie	Paris	Ventes
Alexandria	Ribeiro	Ressources humaines
Suzanne	Rémy	Relations publiques
Véronique	Monnier	Direction
Nicolas	Leblanc	Recherche et développement
Christelle	Cohen	Recherche et développement
Éric	Robin	Relations publiques
Renée	Potier	IT
Jacques	Cousin	Direction
Inès	Menard	Direction
Nathalie	Bernier	Recherche et développement
Thérèse	Meyer	Marketing
Alfred	Godard	Marketing
Andrée	Duhamel	Marketing
Éric	Guillou	Relations publiques
Timothée	Marion	Service après-vente
Anouk	Roy	IT
Alfred	Monnier	Ventes
Luce	Picard	Direction
Zoé	Roy	Service après-vente
Thomas	Prévost	Recherche et développement
Isabelle	Lévy	Recherche et développement
Jérôme	Grenier	Recherche et développement
Rémy	Legrand	Ventes
Robert	Martel	Recherche et développement
Constance	Benoit	IT
Agathe	Seguin	Service après-vente
Margot	Regnier	Service après-vente
Laurence	Loiseau	Relations publiques
Lucas	Chevalier	IT
Laetitia	Joubert	IT
Noël	Ferreira	Marketing
Simone	Foucher	Ventes
Joseph	François	Service après-vente
Hortense	Leleu	Ressources humaines
Bertrand	Benard	Marketing
Hélène	Lamy	Marketing
Alain	Collet	Ventes
Stéphanie	Voisin	Service après-vente
Luc	Perrier	Service après-vente
Georges	Berthelot	Recherche et développement
Gérard	Meyer	IT
Émilie	Garcia	Ressources humaines
Pauline	Joseph	Ressources humaines
Astrid	Berger	IT
Michelle	Cordier	Direction
Charlotte	Gérard	Service après-vente
Denis	Morel	Recherche et développement
Christophe	Roche	Recherche et développement
Susanne	Morel	Ventes
Benjamin	Dos Santos	Direction
Renée	Wagner	Recherche et développement
Stéphane	Marchal	Marketing
Zoé	Weber	Marketing
Dominique	Maurice	Direction
Margaux	Gérard	Direction
Juliette	Hernandez	Direction
Alphonse	Masson	Direction
Michelle	Bouvet	Ressources humaines
Antoine	Rocher	Marketing
Anne	Rodrigues	Service après-vente
Martine	Boyer	Recherche et développement
Adélaïde	Bègue	IT
Victor	Grenier	Ventes
Arthur	Delattre	Relations publiques
Simone	Collin	Service après-vente
Arthur	Tanguy	Relations publiques
Roland	Diaz	Ressources humaines
Grégoire	Riou	Ventes
Marianne	Da Costa	Recherche et développement
Aimée	Brun	Relations publiques
Patricia	Fischer	Direction
Luc	Hardy	Relations publiques
Martine	Coulon	Direction
Susanne	Mendès	Direction
Aimée	Navarro	Recherche et développement
Arthur	Riou	IT
Victoire	Bègue	Recherche et développement
Danielle	Albert	Service après-vente
Marguerite	Renault	Marketing
Margaux	Clerc	IT
Luce	Moreau	Recherche et développement
Juliette	Lemaire	Service après-vente
Jeanne	Collin	IT
Margaret	Royer	Relations publiques
Philippine	Mallet	Marketing
Audrey	Collet	Service après-vente
Bertrand	Pottier	IT
Océane	Salmon	Direction
Margot	Delmas	Service après-vente
Gilles	Girard	Service après-vente
Gilbert	Letellier	IT
Marthe	Grondin	Marketing
Gilles	Salmon	Marketing
Odette	Delannoy	Direction
Michèle	Baron	Direction
Gilbert	Ollivier	Direction
Renée	Perrier	Ressources humaines
Élisabeth	Potier	IT
Rémy	Adam	Ventes
Xavier	Colin	Service après-vente
Alix	Grondin	Ressources humaines
Valérie	Lefebvre	Direction
Xavier	Lefebvre	Marketing
Isabelle	Chauvet	Service après-vente
Anouk	Hervé	Recherche et développement
Anouk	Ramos	Service après-vente
Michèle	Leconte	IT
René	Mathieu	Direction
Tristan	Imbert	Marketing
Noémi	Bonnin	IT
Jeanne	Hamon	Service après-vente
Anne	Pires	Direction
Philippe	Potier	Recherche et développement
Zoé	Camus	Ventes
Arthur	Lebon	Ventes
Célina	Monnier	Marketing
Marine	Le Goff	Direction
Stéphane	Jacques	Service après-vente
Laure	Gaillard	Ressources humaines
Xavier	Germain	IT
Laurence	Caron	Recherche et développement
Virginie	Gérard	Relations publiques
Martin	Guillaume	Direction
Lucie	Besnard	Recherche et développement
Emmanuel	Pinto	Direction
Marcelle	Perrier	Ressources humaines
Juliette	Leleu	Recherche et développement
Marthe	Perrot	Service après-vente
Michelle	Marty	IT
Patrick	Guyon	Service après-vente
Célina	Potier	Service après-vente
Mathilde	Gilbert	Service après-vente
Jeanne	Thomas	Ressources humaines
Corinne	Thomas	Ressources humaines
Adèle	Lelièvre	IT
Franck	Roger	IT
Emmanuelle	Roger	Marketing
Gilbert	Marin	Direction
Dorothée	Gallet	Service après-vente
Simone	Gonzalez	Service après-vente
Anaïs	Mallet	Service après-vente
François	Gomes	Marketing
Suzanne	Costa	Service après-vente
Élodie	Lévy	IT
Stéphanie	Weber	Service après-vente
Antoine	Gimenez	Direction
Alexandrie	Alves	Ventes
Michèle	Garcia	Marketing
Arthur	Leduc	Direction
Pénélope	Girard	Direction
Claudine	Rey	Recherche et développement
Thibault	Laine	Direction
Nicole	Letellier	Relations publiques
Théophile	Lefèvre	Direction
Zoé	Muller	Ventes
Georges	Besson	IT
Patricia	Barbe	Relations publiques
Colette	Mace	Direction
William	Vasseur	Direction
Diane	Bourdon	Recherche et développement
Bernadette	Pelletier	Relations publiques
Nathalie	Gomes	Marketing
Hélène	Baudry	Relations publiques
Alain	Bertrand	IT
Céline	Ferreira	IT
Paulette	Baudry	Ressources humaines
Valentine	Masse	Service après-vente
Théophile	Gautier	IT
Valérie	Faure	Recherche et développement
Laurence	Samson	Marketing
Matthieu	Bernier	Direction
Pierre	Reynaud	Marketing
Théodore	Besnard	Relations publiques
Daniel	Huet	Ressources humaines
Catherine	Olivier	Relations publiques
Hélène	Bourdon	Recherche et développement
David	Lelièvre	Direction
Laure	François	Direction
Arthur	Thierry	Ventes
Alexandrie	Garcia	Recherche et développement
Dorothée	Bonneau	Direction
Astrid	Vallée	IT
Patricia	Mercier	Marketing
Astrid	Barthelemy	Recherche et développement
Guillaume	Barbier	IT
Laurent	Louis	Ventes
Laurent	Denis	Direction
Guy	Fournier	Ventes
Guy	Techer	Direction
Clémence	Mallet	Ventes
Cécile	Petitjean	Ventes
Frédéric	Gallet	Recherche et développement
Caroline	Boulay	Recherche et développement
Élisabeth	Launay	Relations publiques
David	Briand	Relations publiques
Christine	Moreno	Ressources humaines
Guillaume	Lebreton	Marketing
Philippe	Gauthier	Ressources humaines
Claire	Delmas	Ressources humaines
Zoé	Leroux	Service après-vente
Aimé	Ollivier	IT
Suzanne	Gros	Recherche et développement
Alexandre	Hoarau	Direction
Diane	Blanchet	Direction
Susan	Petitjean	Service après-vente
Benjamin	De Oliveira	Ventes
Lucy	Monnier	Ventes
Anne	Maury	Service après-vente
Adèle	Pascal	Direction
Jacqueline	Besson	Ressources humaines
Virginie	Daniel	Marketing
Robert	Guillet	Ressources humaines
Nathalie	Gérard	Service après-vente
Emmanuelle	Marin	Marketing
Thomas	Mace	Ressources humaines
Céline	Chrétien	Marketing
Christelle	Duval	Direction
Amélie	Philippe	Direction
Gabrielle	Guillet	Recherche et développement
Patrick	Brunel	IT
Diane	Duval	Marketing
Marine	Bertrand	Recherche et développement
Christelle	Bègue	Service après-vente
Gilles	Bouvet	IT
Stéphane	Schneider	Relations publiques
Raymond	Valette	Ressources humaines
Michelle	Perrin	IT
Christelle	Lopez	Ventes
Raymond	Giraud	Ventes
Grégoire	Da Costa	Recherche et développement
Augustin	Bourgeois	Marketing
Noël	Blin	Marketing
Étienne	Fabre	IT
Benjamin	Chauveau	Ressources humaines
Richard	Muller	Marketing
Étienne	Pinto	Relations publiques
Agnès	Lesage	Marketing
Luc	Michel	Ressources humaines
Adrien	Dias	Service après-vente
Louis	Labbé	Ventes
Martine	Imbert	IT
Joseph	Boucher	Recherche et développement
Gabriel	Parent	IT
Rémy	Salmon	IT
Suzanne	Rossi	Ressources humaines
Inès	Lefort	Service après-vente
Danielle	Imbert	Ressources humaines
Margot	Benard	Relations publiques
Philippine	Huet	Relations publiques
Élodie	Blot	Recherche et développement
Claude	Roussel	Relations publiques
Marie	Blanchet	Relations publiques
Alix	Berthelot	Service après-vente
Christophe	Thibault	Direction
Michelle	Roche	Direction
Victoire	Paris	IT
Xavier	Nguyen	Direction
Édith	Launay	Service après-vente
Paulette	Charpentier	Direction
Isabelle	Rivière	Direction
Émile	Roussel	IT
Alexandre	Blanchet	Ressources humaines
Arnaude	Ribeiro	Direction
Léon	Bodin	Recherche et développement
Franck	Coste	Recherche et développement
Élise	Perrier	Ventes
Bernadette	Prévost	Ressources humaines
Laurence	Diallo	Marketing
Léon	Duval	Relations publiques
Dominique	Baudry	Marketing
Bertrand	Marin	IT
Sébastien	Millet	Recherche et développement
Valérie	Rémy	IT
Bertrand	Vallée	Recherche et développement
Élisabeth	Marchal	Relations publiques
Caroline	Maury	Recherche et développement
Margot	Barbe	Service après-vente
Olivier	Boulay	Direction
Benjamin	Pelletier	Direction
Anouk	Barbe	Relations publiques
Thérèse	Martins	Relations publiques
Célina	Lopes	Direction
Brigitte	Riou	Ressources humaines
Océane	Rodrigues	IT
Cécile	Guyot	Direction
Auguste	Roche	IT
Joséphine	Vallée	Direction
Inès	Pottier	Service après-vente
Jérôme	Grégoire	Recherche et développement
Jeanne	Aubert	Marketing
Jean	Dubois	Ventes
Pénélope	Chauvin	Recherche et développement
Capucine	Regnier	Ressources humaines
Théophile	Barbe	Relations publiques
Simone	Delorme	Ventes
Théophile	Perez	Service après-vente
Thérèse	Schmitt	Marketing
Suzanne	Gay	Recherche et développement
Eugène	Duval	Ventes
Alexandrie	Lucas	IT
Véronique	Jacques	Direction
Anaïs	Gilbert	Relations publiques
Théodore	Labbé	Marketing
Émile	Jourdan	Service après-vente
Susanne	Maurice	Service après-vente
Madeleine	Renault	Ventes
Benjamin	Pires	Direction
Michelle	Didier	Relations publiques
Georges	Fernandez	Relations publiques
Agnès	Joseph	Marketing
Noémi	Nguyen	Relations publiques
Margaux	Leduc	IT
Élisabeth	Weber	Direction
Susan	Gros	Ressources humaines
Victoire	Blanc	Direction
Émile	Allain	Ventes
Adèle	Marion	IT
Agathe	Michaud	Service après-vente
Charlotte	Collin	Direction
Émile	Arnaud	Recherche et développement
Guy	Hervé	Ventes
Michèle	Poirier	Service après-vente
Jacqueline	Garnier	Ressources humaines
René	Pages	Ventes
Aurore	Vidal	IT
Andrée	Lombard	Service après-vente
Laurent	Carpentier	Relations publiques
Timothée	Cousin	Ventes
Alfred	Menard	Marketing
Olivie	Charrier	Ressources humaines
Sylvie	Menard	Ressources humaines
Nicolas	Perret	Ventes
Michelle	Chauvet	Ressources humaines
Thibaut	Baron	Recherche et développement
Claudine	Leroy	Recherche et développement
Chantal	Labbé	Service après-vente
Tristan	Blanc	Direction
Aurélie	Barbe	Marketing
Gilbert	Leclercq	Recherche et développement
Dominique	Girard	Service après-vente
Colette	Dumas	Service après-vente
Anouk	Traore	Service après-vente
Marc	Louis	Direction
Hélène	Philippe	IT
Juliette	Maréchal	Relations publiques
William	Parent	IT
Stéphane	Laporte	Marketing
Susan	Chevalier	Ressources humaines
Colette	Auger	Ressources humaines
Gabriel	Dias	Direction
Henri	Normand	Marketing
Élise	Benard	Marketing
Victoire	Rodriguez	Relations publiques
Charlotte	Chevalier	Direction
Claude	Carlier	Recherche et développement
Marcel	Nguyen	Marketing
Christophe	Dubois	Direction
Gilbert	Alexandre	Ressources humaines
Lorraine	Noël	Ressources humaines
Colette	Tessier	Ventes
Marthe	Regnier	Relations publiques
Vincent	Mallet	Recherche et développement
Margaux	Hardy	Service après-vente
Timothée	Gros	Relations publiques
Zacharie	Barbier	Recherche et développement
Adrien	Bourdon	Recherche et développement
Anouk	Grenier	Ventes
Gérard	Martineau	Direction
Victoire	Dos Santos	Relations publiques
Christine	Fleury	Direction
Dominique	Renard	Ressources humaines
Frédéric	Da Silva	Direction
Anastasie	Bertin	Recherche et développement
Laurent	Normand	Relations publiques
Matthieu	Roussel	Recherche et développement
Émile	Pineau	Recherche et développement
Thomas	Besson	Marketing
Léon	Salmon	Service après-vente
Dominique	Richard	IT
Marianne	Guillet	Relations publiques
Vincent	Vincent	Marketing
Thibaut	Deschamps	Ventes
Alexandrie	Bertin	Direction
Zoé	Lenoir	Direction
Nathalie	Durand	Ressources humaines
Augustin	Weiss	Relations publiques
Théodore	Morin	Service après-vente
Monique	Launay	Relations publiques
Arnaude	Guillon	Service après-vente
Denise	Leduc	Direction
André	Rodrigues	Recherche et développement
Eugène	Robin	Ressources humaines
Pierre	Camus	Service après-vente
Véronique	Noël	Ventes
Gabrielle	Da Silva	Recherche et développement
Christelle	Raymond	Service après-vente
Paulette	Becker	IT
Aurélie	Aubry	IT
Diane	Morin	Recherche et développement
Joseph	Guyot	Ressources humaines
Paul	Pruvost	Ventes
Roland	Faure	Ventes
Cécile	Rémy	Ventes
Joséphine	Lefèvre	Service après-vente
Claudine	Maréchal	Marketing
François	Lesage	Direction
Christelle	Raynaud	Marketing
Maurice	Robin	Ventes
Jeannine	Valette	Direction
Charlotte	Monnier	Marketing
Guy	Roussel	Recherche et développement
Michel	Merle	Relations publiques
Honoré	Fournier	Ventes
Hélène	Normand	Service après-vente
Honoré	Royer	IT
Hugues	Joubert	Service après-vente
Geneviève	Brunet	Service après-vente
Julien	Moreau	Ressources humaines
Marie	Julien	Marketing
Émilie	Brunet	Ventes
Olivier	Alexandre	Ressources humaines
Suzanne	Martins	IT
Clémence	Texier	Ventes
Léon	Henry	Recherche et développement
Chantal	Brun	Direction
Charlotte	Faivre	Relations publiques
Patricia	Hamon	IT
Océane	Lacombe	Ventes
Bernard	Faure	Ressources humaines
Arnaude	Guyot	IT
Gabriel	Simon	Ressources humaines
Danielle	Raynaud	IT
Corinne	Nicolas	Direction
Dominique	Lefebvre	Recherche et développement
Stéphane	Valentin	Direction
Alphonse	Legendre	Service après-vente
Marcelle	Étienne	Recherche et développement
Théodore	Barbier	Marketing
Thomas	Blanchet	Direction
Margaret	Jourdan	Ressources humaines
Susan	Guilbert	Ventes
Océane	Tanguy	Recherche et développement
Alice	Robert	Relations publiques
Timothée	Foucher	Ressources humaines
Marine	Laroche	Service après-vente
Christophe	Laroche	Direction
Jean	Blondel	Ressources humaines
Manon	Chartier	Ventes
Jules	Gomes	Service après-vente
Philippine	Benard	Recherche et développement
Alix	Thomas	Service après-vente
Jérôme	Laroche	Service après-vente
Zoé	Monnier	Relations publiques
Eugène	Voisin	Marketing
Sébastien	Moulin	Service après-vente
Agnès	Moulin	Service après-vente
Nathalie	Gros	Relations publiques
Lucie	Berthelot	Relations publiques
Andrée	Mary	Ventes
Paul	Vallée	Ventes
Antoinette	Cousin	Ressources humaines
Matthieu	Parent	Direction
Bertrand	Rey	Relations publiques
Luc	Mallet	Ventes
Christophe	Millet	Direction
Josette	Peltier	IT
Isaac	Hervé	Ventes
Camille	Neveu	IT
Bernadette	Andre	Direction
Aurore	Menard	Direction
Clémence	Guillet	Marketing
Claudine	Muller	Recherche et développement
Antoinette	Weiss	IT
Adrien	Maillard	Recherche et développement
Lucie	Olivier	Relations publiques
Paul	Verdier	Ventes
Margaud	Ferreira	Service après-vente
Gilles	Marie	IT
Agnès	Dupuy	Marketing
Étienne	Leclercq	Marketing
Henri	Gilbert	Direction
Henri	Roy	Service après-vente
Thibault	Gérard	Direction
Hélène	Charles	IT
Margot	Techer	Marketing
Luce	Bodin	Ventes
Corinne	Hebert	Marketing
Nathalie	Peltier	Marketing
Marianne	Teixeira	Marketing
Luc	Dumas	IT
Anaïs	Payet	Ressources humaines
Sophie	Salmon	Relations publiques
Manon	Couturier	Recherche et développement
Philippe	Traore	Service après-vente
Renée	Delahaye	Service après-vente
Nathalie	Girard	Ressources humaines
Élisabeth	Julien	Ventes
Xavier	Renard	Recherche et développement
Vincent	Collet	Recherche et développement
Marc	Perrin	Relations publiques
Cécile	Brunet	Service après-vente
Aimée	Perez	Relations publiques
Patricia	Berger	IT
Noël	Denis	Ventes
Clémence	Raynaud	Ressources humaines
Timothée	Jean	Recherche et développement
Jeannine	Dijoux	Recherche et développement
Adrien	Bourdon	Recherche et développement
Céline	Le Roux	Service après-vente
Margaud	Fischer	Relations publiques
Daniel	Alves	Relations publiques
Georges	Fabre	IT
Margaux	Le Gall	Ressources humaines
André	Wagner	Recherche et développement
Henri	Daniel	Service après-vente
Antoine	Perrier	Ventes
Marine	Huet	Service après-vente
Laure	Dupuis	Recherche et développement
Franck	Laroche	Relations publiques
Marcel	Lambert	Marketing
William	François	IT
Guillaume	Gillet	Marketing
Madeleine	Briand	IT
Renée	Delahaye	Ventes
Lucas	Le Roux	Ressources humaines
Marc	Roussel	Marketing
Patricia	Nguyen	Relations publiques
Timothée	Meyer	Marketing
Gilles	Olivier	Direction
William	Simon	Recherche et développement
Josette	Martin	Ventes
Michel	Lefèvre	Ventes
Marcel	Leconte	Ressources humaines
Aimée	Coulon	IT
Thibaut	Berthelot	Ventes
Catherine	Da Costa	IT
Denis	Colas	Service après-vente
Élodie	Humbert	Service après-vente
Valérie	Rolland	Recherche et développement
Thomas	Benard	Marketing
Marianne	Cordier	Direction
Alix	Guyon	Recherche et développement
Isaac	Leduc	IT
Patricia	Giraud	Recherche et développement
Jeannine	Gros	IT
Matthieu	Petitjean	Marketing
Pauline	Leconte	Recherche et développement
Édouard	Launay	Marketing
Martine	Le Gall	Marketing
Charles	Chevallier	IT
Corinne	Duhamel	Relations publiques
Emmanuel	Muller	Direction
Maggie	Barbier	Ressources humaines
Valentine	Prévost	Service après-vente
Emmanuel	Guillou	IT
Guillaume	Petit	Service après-vente
Xavier	Thierry	IT
Gilbert	Grenier	Ressources humaines
Dorothée	Guillot	Marketing
Dorothée	Simon	Service après-vente
Henri	Courtois	Marketing
Hugues	Pereira	Recherche et développement
Diane	Foucher	Marketing
Monique	Martin	Ressources humaines
Anne	Gay	Direction
Honoré	Marchand	Ressources humaines
Sébastien	Martinez	IT
Georges	Valette	Ventes
Arthur	Bodin	IT
Roland	Roche	Relations publiques
Brigitte	Lambert	Service après-vente
Nathalie	Da Silva	Recherche et développement
Valérie	Maillot	Recherche et développement
Emmanuelle	Adam	Recherche et développement
Laurence	Lucas	Service après-vente
Monique	Fabre	Direction
Amélie	Guillot	Marketing
Éléonore	Dijoux	Recherche et développement
Brigitte	Besnard	IT
Marc	Lemoine	Direction
Pauline	Martin	Direction
Philippine	Blanchet	Recherche et développement
Denis	Lesage	Ventes
Henriette	Cohen	Ventes
Monique	Godard	Recherche et développement
René	Clément	Ventes
Robert	Chauveau	Service après-vente
Alain	Masson	Ressources humaines
Jean	Barre	Service après-vente
Dorothée	Morin	Service après-vente
Patrick	Barthelemy	IT
Bertrand	Gautier	Relations publiques
Audrey	Tessier	Recherche et développement
Bernard	Weber	Ventes
Gérard	Bigot	Ressources humaines
Julie	Joseph	Direction
Thibault	Bigot	Service après-vente
Jeanne	Alexandre	Recherche et développement
Michelle	Hoarau	Relations publiques
Jules	Da Costa	Recherche et développement
Capucine	Grondin	Ressources humaines
André	Léger	Ventes
Aimée	Pages	Direction
Simone	Nicolas	Relations publiques
Bernard	Joseph	Ressources humaines
Élodie	Carlier	Marketing
Philippe	Mary	Direction
Thomas	Chauveau	Ventes
Anouk	Maillard	Service après-vente
Matthieu	Mary	Service après-vente
Isaac	Mace	Ressources humaines
Éléonore	Thibault	Marketing
Lucas	Vidal	Direction
Théodore	Maillard	Marketing
Odette	Lacroix	IT
Victoire	Boulay	IT
Benjamin	Lejeune	Service après-vente
Isabelle	Turpin	IT
Alexandria	Launay	Recherche et développement
Aurélie	Barre	Service après-vente
Gabriel	Lejeune	Marketing
Élisabeth	Jacob	Ventes
Odette	Guillaume	IT
Adrien	Duhamel	Service après-vente
Adrien	Perrier	Ventes
Alex	Adam	Recherche et développement
Augustin	Grondin	Recherche et développement
François	Gautier	Marketing
Michel	Lacombe	Service après-vente
Zacharie	Allain	Recherche et développement
Jeannine	Guichard	Recherche et développement
Astrid	Peron	Relations publiques
Maurice	Barbier	Direction
André	Blot	Direction
Rémy	Chevalier	Relations publiques
Émile	Toussaint	Relations publiques
Amélie	Dupont	Marketing
Philippine	Lévy	Ventes
Charlotte	Raynaud	Marketing
Martin	Teixeira	Recherche et développement
Marc	Nicolas	Service après-vente
Luce	Grondin	Service après-vente
Julien	Maillot	Ventes
Hortense	Petitjean	Direction
Marcel	Launay	Direction
Josette	Bourdon	Direction
Jeannine	Lucas	IT
Élisabeth	Pires	Recherche et développement
Frédérique	Da Costa	Marketing
Andrée	Lamy	Relations publiques
Clémence	Guérin	Ventes
Thibault	Tessier	Marketing
Éric	Normand	Ressources humaines
Gabrielle	Blanc	Ventes
Célina	Rousseau	IT
Arthur	Prévost	Ressources humaines
Martine	Fabre	IT
Geneviève	Jean	Relations publiques
Sophie	Hardy	Recherche et développement
Anastasie	Perrot	Service après-vente
Emmanuelle	Paul	Ventes
Aimé	Neveu	Direction
Jeannine	Dumas	Direction
Élodie	Daniel	Direction
Roger	Bourgeois	Service après-vente
Aimé	Evrard	Direction
Alfred	De Oliveira	Direction
Stéphanie	Arnaud	Marketing
Laetitia	Jacquet	Direction
Michel	Imbert	Relations publiques
Louis	Martel	Direction
Margaux	Lelièvre	IT
Odette	Monnier	Relations publiques
Marine	Noël	Recherche et développement
Guy	Martineau	Recherche et développement
Constance	Neveu	Direction
Marthe	Rossi	IT
Chantal	Vallée	Ventes
Alice	Royer	Relations publiques
Sophie	Le Goff	Relations publiques
Sylvie	Millet	IT
Josette	Moreno	IT
Alexandrie	Renard	Ressources humaines
Simone	Voisin	Direction
Michelle	Bouvet	Marketing
Paul	Jean	Direction
Simone	Peltier	IT
Véronique	Benoit	Marketing
Aimée	Da Silva	Recherche et développement
Bernard	Breton	Service après-vente
Thibaut	Leleu	Ventes
Luc	Tanguy	Relations publiques
Thibault	Chrétien	Relations publiques
Henri	Caron	Relations publiques
Noémi	Le Goff	Relations publiques
Laurence	Leleu	Relations publiques
Christophe	Lopes	Marketing
Gabrielle	Picard	Relations publiques
Richard	Marchand	Recherche et développement
Luc	Monnier	Ressources humaines
Juliette	Techer	Relations publiques
Hugues	Ramos	Service après-vente
Zoé	Blin	Marketing
Frédérique	Jacquet	Relations publiques
Maurice	Fernandez	Recherche et développement
Aurore	Bernier	Recherche et développement
Manon	Blanchet	Recherche et développement
Paulette	Pelletier	Ressources humaines
Laetitia	Jourdan	Relations publiques
Margaux	Peron	Ventes
Emmanuelle	Dubois	IT
Rémy	Breton	Marketing
Joseph	Legros	Recherche et développement
Zoé	Thibault	Ressources humaines
Gabriel	Leblanc	Marketing
Claire	Dupuis	Ressources humaines
Bertrand	Rodrigues	Recherche et développement
Victoire	Poirier	Relations publiques
Raymond	Brunet	Marketing
Jules	Clerc	Relations publiques
Julie	Roy	Service après-vente
Éléonore	Olivier	Ressources humaines
Isaac	Bertin	Direction
Nath	Leconte	Recherche et développement
Luce	Marin	Direction
Véronique	Rivière	Service après-vente
Denis	Goncalves	Relations publiques
Christine	Loiseau	Recherche et développement
Gilbert	Allard	IT
Honoré	Monnier	Service après-vente
Christophe	Auger	Relations publiques
Corinne	Blanchet	Relations publiques
Juliette	Marion	Marketing
Cécile	Léger	Service après-vente
Amélie	Richard	Direction
Océane	Valette	Direction
Laetitia	Fouquet	Recherche et développement
Céline	Petit	Relations publiques
Marcel	Poulain	Recherche et développement
Mathilde	Lefort	Service après-vente
Marthe	Morvan	Ventes
Honoré	Picard	Ventes
Dorothée	Brunel	Direction
Juliette	Lacroix	Recherche et développement
Vincent	Michaud	Direction
Grégoire	Guillaume	Ventes
Paulette	Roy	Direction
Geneviève	Gomes	Service après-vente
Adélaïde	Andre	Direction
Alfred	Hoareau	Marketing
Matthieu	Dumont	Marketing
Pierre	Guillon	Recherche et développement
Vincent	Lebon	Marketing
Susan	Devaux	Recherche et développement
Marc	Dupont	IT
Simone	Maillet	IT
Arthur	Lucas	Relations publiques
Andrée	Alexandre	Relations publiques
René	Faure	IT
Camille	Martel	Ressources humaines
Brigitte	Morvan	Recherche et développement
Nathalie	Moreau	Direction
Éléonore	Perrot	Direction
Célina	Laporte	Ressources humaines
Juliette	Michel	Relations publiques
Jacqueline	Hubert	Ressources humaines
Augustin	Vincent	Service après-vente
Olivie	Thierry	Direction
Astrid	Didier	Ventes
Nath	Maillot	Recherche et développement
André	Humbert	Recherche et développement
Augustin	Dumont	Ressources humaines
Élise	Navarro	Relations publiques
François	Bonneau	Recherche et développement
Gilles	Merle	Recherche et développement
Nicole	Launay	Recherche et développement
Timothée	Ramos	Ventes
Anouk	Carlier	Marketing
Françoise	Da Silva	IT
Audrey	Fouquet	Recherche et développement
Roland	Boutin	Ressources humaines
Roland	Regnier	Direction
Suzanne	Briand	Ressources humaines
Bertrand	Rousset	Direction
Manon	Potier	Marketing
Nathalie	Gallet	Marketing
Augustin	Letellier	Service après-vente
Nathalie	Maillot	Relations publiques
Brigitte	Schneider	Relations publiques
Louis	Le Gall	Direction
Inès	Léger	Marketing
Brigitte	Chauvin	Service après-vente
Sabine	Olivier	Relations publiques
Thérèse	Marion	IT
Susan	Bousquet	Ventes
Gabrielle	Gauthier	Ressources humaines
Christine	Guibert	Relations publiques
Raymond	Techer	Service après-vente
Paulette	Blondel	Ventes
Noémi	Bousquet	Ressources humaines
Benoît	Jacques	Relations publiques
Michèle	Baudry	Service après-vente
Gabrielle	Perrin	Ventes
Manon	Mercier	Ressources humaines
Agathe	Fontaine	IT
Auguste	Adam	Service après-vente
Bertrand	Hoareau	Direction
Margaud	Gros	Marketing
Martine	Verdier	Direction
Maurice	Leblanc	Recherche et développement
Agathe	Morvan	Relations publiques
Jeanne	Marin	Direction
Valentine	Gauthier	IT
Juliette	Noël	Relations publiques
Étienne	Renaud	Direction
Audrey	Valette	Ressources humaines
